日期,時間,賽事編號,球隊,得分,總比分,讓分,讓分賠率,不讓分賠率,大小分,大小分賠率,單雙賠率
2022/4/1,AM 07:00,20220401-0,費城76人,94,94 : 102,-10.5,客1.7,,225.5,大1.75,單1.75
2022/4/1,AM 07:00,20220401-0,底特律活塞,102,94 : 102,10.5,主1.8,,225.5,小1.75,雙1.75
2022/4/1,AM 07:30,20220401-1,克里夫蘭騎士,107,107 : 131,7.5,客1.7,2.85,230.5,大1.7,單1.75
2022/4/1,AM 07:30,20220401-1,亞特蘭大老鷹,131,107 : 131,-7.5,主1.8,1.25,230.5,小1.8,雙1.75
2022/4/1,AM 07:30,20220401-2,密爾瓦基公鹿,120,120 : 119,2.5,客1.8,2.05,242.5,大1.8,單1.75
2022/4/1,AM 07:30,20220401-2,布魯克林籃網,119,120 : 119,-2.5,主1.7,1.5,242.5,小1.7,雙1.75
2022/4/1,AM 08:00,20220401-3,洛杉磯快艇,130,130 : 135,3.5,客1.8,2.05,221.5,大1.75,單1.75
2022/4/1,AM 08:00,20220401-3,芝加哥公牛,135,130 : 135,-3.5,主1.7,1.5,221.5,小1.75,雙1.75
2022/4/1,AM 10:00,20220401-4,洛杉磯湖人,109,109 : 122,13.5,客1.75,,228.5,大1.8,單1.75
2022/4/1,AM 10:00,20220401-4,猶他爵士,122,109 : 122,-13.5,主1.75,,228.5,小1.7,雙1.75
2022/4/2,AM 07:00,20220402-0,多倫多暴龍,102,102 : 89,-11.5,客1.75,,217.5,大1.75,單1.75
2022/4/2,AM 07:00,20220402-0,奧蘭多魔術,89,102 : 89,11.5,主1.75,,217.5,小1.75,雙1.75
2022/4/2,AM 07:00,20220402-1,達拉斯獨行俠,103,103 : 135,-8.5,客1.7,1.12,218.5,大1.75,單1.75
2022/4/2,AM 07:00,20220402-1,華盛頓巫師,135,103 : 135,8.5,主1.8,3.75,218.5,小1.75,雙1.75
2022/4/2,AM 07:30,20220402-2,印第安那溜馬,123,123 : 128,15.5,客1.75,,227.5,大1.75,單1.75
2022/4/2,AM 07:30,20220402-2,波士頓塞爾提克,128,123 : 128,-15.5,主1.75,,227.5,小1.75,雙1.75
2022/4/2,AM 08:00,20220402-3,沙加緬度國王,122,122 : 117,-3.5,客1.75,1.5,235.5,大1.75,單1.75
2022/4/2,AM 08:00,20220402-3,休士頓火箭,117,122 : 117,3.5,主1.75,2.05,235.5,小1.75,雙1.75
2022/4/2,AM 08:00,20220402-4,鳳凰城太陽,114,114 : 122,-6.5,客1.75,1.22,229.5,大1.7,單1.75
2022/4/2,AM 08:00,20220402-4,曼斐斯灰熊,122,114 : 122,6.5,主1.75,3,229.5,小1.8,雙1.75
2022/4/2,AM 08:00,20220402-5,洛杉磯快艇,153,153 : 119,3.5,客1.7,2.05,218.5,大1.75,單1.75
2022/4/2,AM 08:00,20220402-5,密爾瓦基公鹿,119,153 : 119,-3.5,主1.8,1.5,218.5,小1.75,雙1.75
2022/4/2,AM 08:00,20220402-6,底特律活塞,110,110 : 101,-4.5,客1.75,1.4,222.5,大1.75,單1.75
2022/4/2,AM 08:00,20220402-6,奧克拉荷馬雷霆,101,110 : 101,4.5,主1.75,2.3,222.5,小1.75,雙1.75
2022/4/2,AM 08:30,20220402-7,波特蘭拓荒者,111,111 : 130,15.5,客1.75,,230.5,大1.75,單1.75
2022/4/2,AM 08:30,20220402-7,聖安東尼奧馬刺,130,111 : 130,-15.5,主1.75,,230.5,小1.75,雙1.75
2022/4/2,AM 09:00,20220402-8,明尼蘇達灰狼,136,136 : 130,3.5,客1.8,2.15,242.5,大1.75,單1.75
2022/4/2,AM 09:00,20220402-8,丹佛金塊,130,136 : 130,-3.5,主1.7,1.45,242.5,小1.75,雙1.75
2022/4/2,AM 10:30,20220402-9,紐奧良鵜鶘,114,114 : 111,2.5,客1.75,1.95,230.5,大1.75,單1.75
2022/4/2,AM 10:30,20220402-9,洛杉磯湖人,111,114 : 111,-2.5,主1.75,1.55,230.5,小1.75,雙1.75
2022/4/3,AM 12:30,20220403-0,夏洛特黃蜂,114,114 : 144,5.5,客1.75,2.6,228.5,大1.7,單1.75
2022/4/3,AM 12:30,20220403-0,費城76人,144,114 : 144,-5.5,主1.75,1.3,228.5,小1.8,雙1.75
2022/4/3,AM 01:00,20220403-1,克里夫蘭騎士,119,119 : 101,1.5,客1.75,1.9,218.5,大1.7,單1.75
2022/4/3,AM 01:00,20220403-1,紐約尼克,101,119 : 101,-1.5,主1.75,1.6,218.5,小1.8,雙1.75
2022/4/3,AM 07:30,20220403-2,布魯克林籃網,115,115 : 122,-2.5,客1.7,1.55,243.5,大1.75,單1.75
2022/4/3,AM 07:30,20220403-2,亞特蘭大老鷹,122,115 : 122,2.5,主1.8,1.95,243.5,小1.75,雙1.75
2022/4/3,AM 08:00,20220403-3,邁阿密熱火,127,127 : 109,-3.5,客1.7,1.5,216.5,大1.8,單1.75
2022/4/3,AM 08:00,20220403-3,芝加哥公牛,109,127 : 109,3.5,主1.8,2.05,216.5,小1.7,雙1.75
2022/4/3,AM 08:30,20220403-4,猶他爵士,107,107 : 111,-2.5,客1.7,1.6,218.5,大1.75,單1.75
2022/4/3,AM 08:30,20220403-4,金州勇士,111,107 : 111,2.5,主1.8,1.9,218.5,小1.75,雙1.75
2022/4/4,AM 01:00,20220404-0,華盛頓巫師,102,102 : 144,12.5,客1.75,,223.5,大1.7,單1.75
2022/4/4,AM 01:00,20220404-0,波士頓塞爾提克,144,102 : 144,-12.5,主1.75,,223.5,小1.8,雙1.75
2022/4/4,AM 01:00,20220404-1,達拉斯獨行俠,118,118 : 112,6.5,客1.7,2.6,227.5,大1.75,單1.75
2022/4/4,AM 01:00,20220404-1,密爾瓦基公鹿,112,118 : 112,-6.5,主1.8,1.3,227.5,小1.75,雙1.75
2022/4/4,AM 03:30,20220404-2,丹佛金塊,129,129 : 118,-3.5,客1.75,1.55,231.5,大1.75,單1.75
2022/4/4,AM 03:30,20220404-2,洛杉磯湖人,118,129 : 118,3.5,主1.75,1.95,231.5,小1.75,雙1.75
2022/4/4,AM 05:00,20220404-3,底特律活塞,121,121 : 117,3.5,客1.75,2.05,232.5,大1.75,單1.75
2022/4/4,AM 05:00,20220404-3,印第安那溜馬,117,121 : 117,-3.5,主1.75,1.5,232.5,小1.75,雙1.75
2022/4/4,AM 06:00,20220404-4,費城76人,112,112 : 108,-3.5,客1.7,1.45,225.5,大1.75,單1.75
2022/4/4,AM 06:00,20220404-4,克里夫蘭騎士,108,112 : 108,3.5,主1.8,2.15,225.5,小1.75,雙1.75
2022/4/4,AM 06:00,20220404-5,紐約尼克,118,118 : 88,-5.5,客1.7,1.4,215.5,大1.75,單1.75
2022/4/4,AM 06:00,20220404-5,奧蘭多魔術,88,118 : 88,5.5,主1.8,2.3,215.5,小1.75,雙1.75
2022/4/4,AM 07:00,20220404-6,邁阿密熱火,114,114 : 109,5.5,客1.75,2.3,214.5,大1.75,單1.75
2022/4/4,AM 07:00,20220404-6,多倫多暴龍,109,114 : 109,-5.5,主1.75,1.4,214.5,小1.75,雙1.75
2022/4/4,AM 07:00,20220404-7,明尼蘇達灰狼,139,139 : 132,-13.5,客1.7,,244.5,大1.7,單1.75
2022/4/4,AM 07:00,20220404-7,休士頓火箭,132,139 : 132,13.5,主1.8,,244.5,小1.8,雙1.75
2022/4/4,AM 07:00,20220404-8,鳳凰城太陽,96,96 : 117,-14.5,客1.75,,222.5,大1.75,單1.75
2022/4/4,AM 07:00,20220404-8,奧克拉荷馬雷霆,117,96 : 117,14.5,主1.75,,222.5,小1.75,雙1.75
2022/4/4,AM 07:00,20220404-9,波特蘭拓荒者,92,92 : 113,14.5,客1.75,,231.5,大1.75,單1.75
2022/4/4,AM 07:00,20220404-9,聖安東尼奧馬刺,113,92 : 113,-14.5,主1.75,,231.5,小1.75,雙1.75
2022/4/4,AM 09:00,20220404-10,金州勇士,109,109 : 90,-4.5,客1.75,1.35,221.5,大1.75,單1.75
2022/4/4,AM 09:00,20220404-10,沙加緬度國王,90,109 : 90,4.5,主1.75,2.45,221.5,小1.75,雙1.75
2022/4/4,AM 09:30,20220404-11,紐奧良鵜鶘,100,100 : 119,2.5,客1.75,1.9,223.5,大1.75,單1.75
2022/4/4,AM 09:30,20220404-11,洛杉磯快艇,119,100 : 119,-2.5,主1.75,1.6,223.5,小1.75,雙1.75
2022/4/6,AM 07:00,20220406-0,費城76人,131,131 : 122,-11.5,客1.7,,235.5,大1.7,單1.75
2022/4/6,AM 07:00,20220406-0,印第安那溜馬,122,131 : 122,11.5,主1.8,,235.5,小1.8,雙1.75
2022/4/6,AM 07:00,20220406-1,克里夫蘭騎士,115,115 : 120,-8.5,客1.7,1.15,222.5,大1.75,單1.75
2022/4/6,AM 07:00,20220406-1,奧蘭多魔術,120,115 : 120,8.5,主1.8,3.5,222.5,小1.75,雙1.75
2022/4/6,AM 07:30,20220406-2,休士頓火箭,105,105 : 118,16.5,客1.7,,243.5,大1.75,單1.75
2022/4/6,AM 07:30,20220406-2,布魯克林籃網,118,105 : 118,-16.5,主1.8,,243.5,小1.75,雙1.75
2022/4/6,AM 07:30,20220406-3,夏洛特黃蜂,115,115 : 144,5.5,客1.75,2.45,227.5,大1.7,單1.75
2022/4/6,AM 07:30,20220406-3,邁阿密熱火,144,115 : 144,-5.5,主1.75,1.35,227.5,小1.8,雙1.75
2022/4/6,AM 07:30,20220406-4,亞特蘭大老鷹,108,108 : 118,4.5,客1.75,2.15,227.5,大1.75,單1.75
2022/4/6,AM 07:30,20220406-4,多倫多暴龍,118,108 : 118,-4.5,主1.75,1.45,227.5,小1.75,雙1.75
2022/4/6,AM 08:00,20220406-5,密爾瓦基公鹿,127,127 : 106,-6.5,客1.8,1.35,230.5,大1.7,單1.75
2022/4/6,AM 08:00,20220406-5,芝加哥公牛,106,127 : 106,6.5,主1.7,2.45,230.5,小1.8,雙1.75
2022/4/6,AM 08:00,20220406-6,華盛頓巫師,132,132 : 114,12.5,客1.75,,237.5,大1.75,單1.75
2022/4/6,AM 08:00,20220406-6,明尼蘇達灰狼,114,132 : 114,-12.5,主1.75,,237.5,小1.75,雙1.75
2022/4/6,AM 08:00,20220406-7,波特蘭拓荒者,94,94 : 98,4.5,客1.8,2.3,220.5,大1.75,單1.75
2022/4/6,AM 08:00,20220406-7,奧克拉荷馬雷霆,98,94 : 98,-4.5,主1.7,1.4,220.5,小1.75,雙1.75
2022/4/6,AM 09:00,20220406-8,聖安東尼奧馬刺,116,116 : 97,9.5,客1.7,3.5,234.5,大1.75,單1.75
2022/4/6,AM 09:00,20220406-8,丹佛金塊,97,116 : 97,-9.5,主1.8,1.15,234.5,小1.75,雙1.75
2022/4/6,AM 09:00,20220406-9,曼斐斯灰熊,115,115 : 121,5.5,客1.75,2.45,226.5,大1.7,單1.75
2022/4/6,AM 09:00,20220406-9,猶他爵士,121,115 : 121,-5.5,主1.75,1.35,226.5,小1.8,雙1.75
2022/4/6,AM 10:00,20220406-10,紐奧良鵜鶘,123,123 : 109,-8.5,客1.75,1.18,225.5,大1.75,單1.75
2022/4/6,AM 10:00,20220406-10,沙加緬度國王,109,123 : 109,8.5,主1.75,3.3,225.5,小1.75,雙1.75
2022/4/6,AM 10:30,20220406-11,洛杉磯湖人,110,110 : 121,12.5,客1.75,,234.5,大1.7,單1.75
2022/4/6,AM 10:30,20220406-11,鳳凰城太陽,121,110 : 121,-12.5,主1.75,,234.5,小1.8,雙1.75
2022/4/7,AM 07:00,20220407-0,達拉斯獨行俠,131,131 : 113,-7.5,客1.8,1.2,219.5,大1.7,單1.75
2022/4/7,AM 07:00,20220407-0,底特律活塞,113,131 : 113,7.5,主1.7,3.1,219.5,小1.8,雙1.75
2022/4/7,AM 07:30,20220407-1,布魯克林籃網,110,110 : 98,-6.5,客1.75,1.28,229.5,大1.75,單1.75
2022/4/7,AM 07:30,20220407-1,紐約尼克,98,110 : 98,6.5,主1.75,2.7,229.5,小1.75,雙1.75
2022/4/7,AM 08:00,20220407-2,華盛頓巫師,103,103 : 118,10.5,客1.75,,235.5,大1.7,單1.75
2022/4/7,AM 08:00,20220407-2,亞特蘭大老鷹,118,103 : 118,-10.5,主1.75,,235.5,小1.8,雙1.75
2022/4/7,AM 08:00,20220407-3,波士頓塞爾提克,117,117 : 94,-7.5,客1.8,1.28,225.5,大1.7,單1.75
2022/4/7,AM 08:00,20220407-3,芝加哥公牛,94,117 : 94,7.5,主1.7,2.7,225.5,小1.8,雙1.75
2022/4/7,AM 09:00,20220407-4,奧克拉荷馬雷霆,101,101 : 137,14.5,客1.7,,216.5,大1.75,單1.75
2022/4/7,AM 09:00,20220407-4,猶他爵士,137,101 : 137,-14.5,主1.8,,216.5,小1.75,雙1.75
2022/4/7,AM 10:00,20220407-5,鳳凰城太陽,109,109 : 113,6.5,客1.8,2.85,224.5,大1.75,單1.75
2022/4/7,AM 10:00,20220407-5,洛杉磯快艇,113,109 : 113,-6.5,主1.7,1.25,224.5,小1.75,雙1.75
2022/4/8,AM 07:00,20220408-0,奧蘭多魔術,101,101 : 128,14.5,客1.8,,230.5,大1.7,單1.75
2022/4/8,AM 07:00,20220408-0,夏洛特黃蜂,128,101 : 128,-14.5,主1.7,,230.5,小1.8,雙1.75
2022/4/8,AM 07:30,20220408-1,費城76人,114,114 : 119,-3.5,客1.7,1.4,220.5,大1.7,單1.75
2022/4/8,AM 07:30,20220408-1,多倫多暴龍,119,114 : 119,3.5,主1.8,2.3,220.5,小1.8,雙1.75
2022/4/8,AM 07:30,20220408-2,波士頓塞爾提克,121,121 : 127,8.5,客1.7,3,227.5,大1.7,單1.75
2022/4/8,AM 07:30,20220408-2,密爾瓦基公鹿,127,121 : 127,-8.5,主1.8,1.22,227.5,小1.8,雙1.75
2022/4/8,AM 08:00,20220408-3,聖安東尼奧馬刺,121,121 : 127,7.5,客1.7,2.7,240.5,大1.7,單1.75
2022/4/8,AM 08:00,20220408-3,明尼蘇達灰狼,127,121 : 127,-7.5,主1.8,1.28,240.5,小1.8,雙1.75
2022/4/8,AM 08:00,20220408-4,波特蘭拓荒者,94,94 : 127,16.5,客1.75,,224.5,大1.7,單1.75
2022/4/8,AM 08:00,20220408-4,紐奧良鵜鶘,127,94 : 127,-16.5,主1.75,,224.5,小1.8,雙1.75
2022/4/8,AM 09:00,20220408-5,曼斐斯灰熊,109,109 : 122,4.5,客1.75,2.15,234.5,大1.7,單1.75
2022/4/8,AM 09:00,20220408-5,丹佛金塊,122,109 : 122,-4.5,主1.75,1.45,234.5,小1.8,雙1.75
2022/4/8,AM 10:00,20220408-6,洛杉磯湖人,112,112 : 128,13.5,客1.75,,220.5,大1.7,單1.75
2022/4/8,AM 10:00,20220408-6,金州勇士,128,112 : 128,-13.5,主1.75,,220.5,小1.8,雙1.75
2022/4/9,AM 07:00,20220409-0,密爾瓦基公鹿,131,131 : 101,-11.5,客1.75,1.28,232.5,大1.75,單1.75
2022/4/9,AM 07:00,20220409-0,底特律活塞,101,131 : 101,11.5,主1.75,2.7,232.5,小1.75,雙1.75
2022/4/9,AM 07:00,20220409-1,紐約尼克,114,114 : 92,-2.5,客1.75,1.5,225.5,大1.75,單1.75
2022/4/9,AM 07:00,20220409-1,華盛頓巫師,92,114 : 92,2.5,主1.75,2.05,225.5,小1.75,雙1.75
2022/4/9,AM 07:30,20220409-2,克里夫蘭騎士,107,107 : 118,9.5,客1.75,3.5,232.5,大1.7,單1.75
2022/4/9,AM 07:30,20220409-2,布魯克林籃網,118,107 : 118,-9.5,主1.75,1.15,232.5,小1.8,雙1.75
2022/4/9,AM 07:30,20220409-3,休士頓火箭,115,115 : 117,12.5,客1.8,,228.5,大1.75,單1.75
2022/4/9,AM 07:30,20220409-3,多倫多暴龍,117,115 : 117,-12.5,主1.7,,228.5,小1.75,雙1.75
2022/4/9,AM 08:00,20220409-4,亞特蘭大老鷹,109,109 : 113,1.5,客1.8,1.9,231.5,大1.7,單1.75
2022/4/9,AM 08:00,20220409-4,邁阿密熱火,113,109 : 113,-1.5,主1.7,1.6,231.5,小1.8,雙1.75
2022/4/9,AM 08:00,20220409-5,夏洛特黃蜂,133,133 : 117,3.5,客1.8,2.05,236.5,大1.7,單1.75
2022/4/9,AM 08:00,20220409-5,芝加哥公牛,117,133 : 117,-3.5,主1.7,1.5,236.5,小1.8,雙1.75
2022/4/9,AM 08:30,20220409-6,波特蘭拓荒者,78,78 : 128,19.5,客1.75,,221.5,大1.7,單1.75
2022/4/9,AM 08:30,20220409-6,達拉斯獨行俠,128,78 : 128,-19.5,主1.75,,221.5,小1.8,雙1.75
2022/4/9,AM 09:30,20220409-7,鳳凰城太陽,111,111 : 105,3.5,客1.75,2.05,228.5,大1.75,單1.75
2022/4/9,AM 09:30,20220409-7,猶他爵士,105,111 : 105,-3.5,主1.75,1.5,228.5,小1.75,雙1.75
2022/4/9,AM 10:30,20220409-8,奧克拉荷馬雷霆,101,101 : 120,4.5,客1.75,2.3,225.5,大1.75,單1.75
2022/4/9,AM 10:30,20220409-8,洛杉磯湖人,120,101 : 120,-4.5,主1.75,1.4,225.5,小1.75,雙1.75
2022/4/10,AM 01:00,20220410-0,印第安那溜馬,120,120 : 133,14.5,客1.8,,235.5,大1.75,單1.75
2022/4/10,AM 01:00,20220410-0,費城76人,133,120 : 133,-14.5,主1.7,,235.5,小1.75,雙1.75
2022/4/10,AM 06:00,20220410-1,紐奧良鵜鶘,114,114 : 141,7.5,客1.75,3,230.5,大1.7,單1.75
2022/4/10,AM 06:00,20220410-1,曼斐斯灰熊,141,114 : 141,-7.5,主1.75,1.22,230.5,小1.8,雙1.75
2022/4/10,AM 08:30,20220410-2,金州勇士,100,100 : 94,-7.5,客1.75,1.22,218.5,大1.75,單1.75
2022/4/10,AM 08:30,20220410-2,聖安東尼奧馬刺,94,100 : 94,7.5,主1.75,3,218.5,小1.75,雙1.75
2022/4/10,AM 09:30,20220410-3,沙加緬度國王,98,98 : 117,12.5,客1.75,,225.5,大1.75,單1.75
2022/4/10,AM 09:30,20220410-3,洛杉磯快艇,117,98 : 117,-12.5,主1.75,,225.5,小1.75,雙1.75
2022/4/11,AM 03:30,20220411-0,印第安那溜馬,126,126 : 134,15.5,客1.75,,243.5,大1.8,單1.75
2022/4/11,AM 03:30,20220411-0,布魯克林籃網,134,126 : 134,-15.5,主1.75,,243.5,小1.7,雙1.75
2022/4/11,AM 03:30,20220411-1,華盛頓巫師,108,108 : 124,13.5,客1.75,,234.5,大1.75,單1.75
2022/4/11,AM 03:30,20220411-1,夏洛特黃蜂,124,108 : 124,-13.5,主1.75,,234.5,小1.75,雙1.75
2022/4/11,AM 03:30,20220411-2,密爾瓦基公鹿,115,115 : 133,8.5,客1.75,3.1,226.5,大1.7,單1.75
2022/4/11,AM 03:30,20220411-2,克里夫蘭騎士,133,115 : 133,-8.5,主1.75,1.2,226.5,小1.8,雙1.75
2022/4/11,AM 03:30,20220411-3,亞特蘭大老鷹,130,130 : 114,-12.5,客1.75,,239.5,大1.75,單1.75
2022/4/11,AM 03:30,20220411-3,休士頓火箭,114,130 : 114,12.5,主1.75,,239.5,小1.75,雙1.75
2022/4/11,AM 07:00,20220411-4,波士頓塞爾提克,139,139 : 110,-5.5,客1.75,1.35,227.5,大1.75,單1.75
2022/4/11,AM 07:00,20220411-4,曼斐斯灰熊,110,139 : 110,5.5,主1.75,2.45,227.5,小1.75,雙1.75
2022/4/11,AM 07:00,20220411-5,多倫多暴龍,94,94 : 105,-1.5,客1.8,1.65,214.5,大1.75,單1.75
2022/4/11,AM 07:00,20220411-5,紐約尼克,105,94 : 105,1.5,主1.7,1.85,214.5,小1.75,雙1.75
2022/4/11,AM 07:00,20220411-6,邁阿密熱火,111,111 : 125,-8.5,客1.8,1.18,218.5,大1.75,單1.75
2022/4/11,AM 07:00,20220411-6,奧蘭多魔術,125,111 : 125,8.5,主1.7,3.3,218.5,小1.75,雙1.75
2022/4/11,AM 07:00,20220411-7,底特律活塞,106,106 : 118,7.5,客1.7,2.85,221.5,大1.75,單1.75
2022/4/11,AM 07:00,20220411-7,費城76人,118,106 : 118,-7.5,主1.8,1.25,221.5,小1.75,雙1.75
2022/4/11,AM 08:30,20220411-8,芝加哥公牛,124,124 : 120,8.5,客1.75,3.1,229.5,大1.75,單1.75
2022/4/11,AM 08:30,20220411-8,明尼蘇達灰狼,120,124 : 120,-8.5,主1.75,1.2,229.5,小1.75,雙1.75
2022/4/11,AM 09:30,20220411-9,聖安東尼奧馬刺,120,120 : 130,10.5,客1.8,,223.5,大1.75,單1.75
2022/4/11,AM 09:30,20220411-9,達拉斯獨行俠,130,120 : 130,-10.5,主1.7,,223.5,小1.75,雙1.75
2022/4/11,AM 09:30,20220411-10,洛杉磯湖人,146,146 : 141,6.5,客1.75,2.85,227.5,大1.75,單1.75
2022/4/11,AM 09:30,20220411-10,丹佛金塊,141,146 : 141,-6.5,主1.75,1.25,227.5,小1.75,雙1.75
2022/4/11,AM 09:30,20220411-11,奧克拉荷馬雷霆,88,88 : 138,12.5,客1.75,,217.5,大1.8,單1.75
2022/4/11,AM 09:30,20220411-11,洛杉磯快艇,138,88 : 138,-12.5,主1.75,,217.5,小1.7,雙1.75
2022/4/11,AM 09:30,20220411-12,金州勇士,128,128 : 107,-6.5,客1.75,1.25,221.5,大1.8,單1.75
2022/4/11,AM 09:30,20220411-12,紐奧良鵜鶘,107,128 : 107,6.5,主1.75,2.85,221.5,小1.7,雙1.75
2022/4/11,AM 09:30,20220411-13,沙加緬度國王,116,116 : 109,10.5,客1.75,,228.5,大1.8,單1.75
2022/4/11,AM 09:30,20220411-13,鳳凰城太陽,109,116 : 109,-10.5,主1.75,,228.5,小1.7,雙1.75
2022/4/11,AM 09:30,20220411-14,猶他爵士,111,111 : 80,-18.5,客1.75,,221.5,大1.75,單1.75
2022/4/11,AM 09:30,20220411-14,波特蘭拓荒者,80,111 : 80,18.5,主1.75,,221.5,小1.75,雙1.75
2022/4/13,AM 07:00,20220413-0,克里夫蘭騎士,108,108 : 115,9.5,客1.8,4,227.5,大1.75,單1.75
2022/4/13,AM 07:00,20220413-0,布魯克林籃網,115,108 : 115,-9.5,主1.7,1.1,227.5,小1.75,雙1.75
2022/4/13,AM 09:30,20220413-1,洛杉磯快艇,104,104 : 109,2.5,客1.7,1.9,231.5,大1.75,單1.75
2022/4/13,AM 09:30,20220413-1,明尼蘇達灰狼,109,104 : 109,-2.5,主1.8,1.6,231.5,小1.75,雙1.75
2022/4/14,AM 07:00,20220414-0,夏洛特黃蜂,103,103 : 132,5.5,客1.75,2.45,234.5,大1.75,單1.75
2022/4/14,AM 07:00,20220414-0,亞特蘭大老鷹,132,103 : 132,-5.5,主1.75,1.35,234.5,小1.75,雙1.75
2022/4/14,AM 09:30,20220414-1,聖安東尼奧馬刺,103,103 : 113,4.5,客1.75,2.3,226.5,大1.75,單1.75
2022/4/14,AM 09:30,20220414-1,紐奧良鵜鶘,113,103 : 113,-4.5,主1.75,1.4,226.5,小1.75,雙1.75
2022/4/16,AM 07:30,20220416-0,亞特蘭大老鷹,107,107 : 101,-3.5,客1.75,1.55,223.5,大1.7,單1.75
2022/4/16,AM 07:30,20220416-0,克里夫蘭騎士,101,107 : 101,3.5,主1.75,1.95,223.5,小1.8,雙1.75
2022/4/16,AM 10:00,20220416-1,紐奧良鵜鶘,105,105 : 101,-2.5,客1.7,1.55,216.5,大1.7,單1.75
2022/4/16,AM 10:00,20220416-1,洛杉磯快艇,101,105 : 101,2.5,主1.8,1.95,216.5,小1.8,雙1.75
2022/4/17,AM 01:00,20220417-0,猶他爵士,99,99 : 93,-6.5,客1.75,1.3,209.5,大1.7,單1.75
2022/4/17,AM 01:00,20220417-0,達拉斯獨行俠,93,99 : 93,6.5,主1.75,2.6,209.5,小1.8,雙1.75
2022/4/17,AM 03:30,20220417-1,明尼蘇達灰狼,130,130 : 117,7.5,客1.75,3,236.5,大1.8,單1.75
2022/4/17,AM 03:30,20220417-1,曼斐斯灰熊,117,130 : 117,-7.5,主1.75,1.22,236.5,小1.7,雙1.75
2022/4/17,AM 06:00,20220417-2,多倫多暴龍,111,111 : 131,5.5,客1.8,2.6,214.5,大1.75,單1.75
2022/4/17,AM 06:00,20220417-2,費城76人,131,111 : 131,-5.5,主1.7,1.3,214.5,小1.75,雙1.75
2022/4/17,AM 08:30,20220417-3,丹佛金塊,107,107 : 123,6.5,客1.7,2.7,224.5,大1.75,單1.75
2022/4/17,AM 08:30,20220417-3,金州勇士,123,107 : 123,-6.5,主1.8,1.28,224.5,小1.75,雙1.75
2022/4/18,AM 01:00,20220418-0,亞特蘭大老鷹,91,91 : 115,7.5,客1.8,3.1,220.5,大1.7,單1.75
2022/4/18,AM 01:00,20220418-0,邁阿密熱火,115,91 : 115,-7.5,主1.7,1.2,220.5,小1.8,雙1.75
2022/4/18,AM 03:30,20220418-1,布魯克林籃網,114,114 : 115,4.5,客1.75,2.15,226.5,大1.7,單1.75
2022/4/18,AM 03:30,20220418-1,波士頓塞爾提克,115,114 : 115,-4.5,主1.75,1.45,226.5,小1.8,雙1.75
2022/4/18,AM 06:30,20220418-2,芝加哥公牛,86,86 : 93,11.5,客1.75,,230.5,大1.7,單1.75
2022/4/18,AM 06:30,20220418-2,密爾瓦基公鹿,93,86 : 93,-11.5,主1.75,,230.5,小1.8,雙1.75
2022/4/18,AM 09:00,20220418-3,紐奧良鵜鶘,99,99 : 110,10.5,客1.8,,224.5,大1.75,單1.75
2022/4/18,AM 09:00,20220418-3,鳳凰城太陽,110,99 : 110,-10.5,主1.7,,224.5,小1.75,雙1.75
2022/4/19,AM 07:30,20220419-0,多倫多暴龍,97,97 : 112,8.5,客1.8,3.3,217.5,大1.7,單1.75
2022/4/19,AM 07:30,20220419-0,費城76人,112,97 : 112,-8.5,主1.7,1.18,217.5,小1.8,雙1.75
2022/4/19,AM 08:30,20220419-1,猶他爵士,104,104 : 110,-4.5,客1.75,1.4,207.5,大1.75,單1.75
2022/4/19,AM 08:30,20220419-1,達拉斯獨行俠,110,104 : 110,4.5,主1.75,2.3,207.5,小1.75,雙1.75
2022/4/19,AM 10:00,20220419-2,丹佛金塊,106,106 : 126,8.5,客1.75,3.3,223.5,大1.8,單1.75
2022/4/19,AM 10:00,20220419-2,金州勇士,126,106 : 126,-8.5,主1.75,1.18,223.5,小1.7,雙1.75
2022/4/20,AM 07:30,20220420-0,亞特蘭大老鷹,105,105 : 115,9.5,客1.75,3.5,219.5,大1.75,單1.75
2022/4/20,AM 07:30,20220420-0,邁阿密熱火,115,105 : 115,-9.5,主1.75,1.15,219.5,小1.75,雙1.75
2022/4/20,AM 08:30,20220420-1,明尼蘇達灰狼,96,96 : 124,6.5,客1.8,2.7,239.5,大1.75,單1.75
2022/4/20,AM 08:30,20220420-1,曼斐斯灰熊,124,96 : 124,-6.5,主1.7,1.28,239.5,小1.75,雙1.75
2022/4/20,AM 10:00,20220420-2,紐奧良鵜鶘,125,125 : 114,10.5,客1.8,3.75,222.5,大1.7,單1.75
2022/4/20,AM 10:00,20220420-2,鳳凰城太陽,114,125 : 114,-10.5,主1.7,1.12,222.5,小1.8,雙1.75
2022/4/21,AM 07:00,20220421-0,布魯克林籃網,107,107 : 114,2.5,客1.7,1.9,224.5,大1.7,單1.75
2022/4/21,AM 07:00,20220421-0,波士頓塞爾提克,114,107 : 114,-2.5,主1.8,1.6,224.5,小1.8,雙1.75
2022/4/21,AM 08:00,20220421-1,費城76人,104,104 : 101,-2.5,客1.7,1.6,217.5,大1.75,單1.75
2022/4/21,AM 08:00,20220421-1,多倫多暴龍,101,104 : 101,2.5,主1.8,1.9,217.5,小1.75,雙1.75
2022/4/21,AM 09:30,20220421-2,芝加哥公牛,114,114 : 110,10.5,客1.75,3.5,225.5,大1.75,單1.75
2022/4/21,AM 09:30,20220421-2,密爾瓦基公鹿,110,114 : 110,-10.5,主1.75,1.15,225.5,小1.75,雙1.75
2022/4/22,AM 07:30,20220422-0,曼斐斯灰熊,104,104 : 95,-3.5,客1.7,1.5,236.5,大1.8,單1.75
2022/4/22,AM 07:30,20220422-0,明尼蘇達灰狼,95,104 : 95,3.5,主1.8,2.05,236.5,小1.7,雙1.75
2022/4/22,AM 09:00,20220422-1,達拉斯獨行俠,126,126 : 118,8.5,客1.8,3.5,209.5,大1.75,單1.75
2022/4/22,AM 09:00,20220422-1,猶他爵士,118,126 : 118,-8.5,主1.7,1.15,209.5,小1.75,雙1.75
2022/4/22,AM 10:00,20220422-2,金州勇士,118,118 : 113,-3.5,客1.7,1.5,223.5,大1.8,單1.75
2022/4/22,AM 10:00,20220422-2,丹佛金塊,113,118 : 113,3.5,主1.8,2.05,223.5,小1.7,雙1.75
2022/4/23,AM 07:00,20220423-0,邁阿密熱火,110,110 : 111,-2.5,客1.7,1.55,223.5,大1.75,單1.75
2022/4/23,AM 07:00,20220423-0,亞特蘭大老鷹,111,110 : 111,2.5,主1.8,1.95,223.5,小1.75,雙1.75
2022/4/23,AM 08:30,20220423-1,密爾瓦基公鹿,111,111 : 81,-3.5,客1.7,1.5,223.5,大1.75,單1.75
2022/4/23,AM 08:30,20220423-1,芝加哥公牛,81,111 : 81,3.5,主1.8,2.05,223.5,小1.75,雙1.75
2022/4/23,AM 10:00,20220423-2,鳳凰城太陽,114,114 : 111,-3.5,客1.7,1.5,216.5,大1.7,單1.75
2022/4/23,AM 10:00,20220423-2,紐奧良鵜鶘,111,114 : 111,3.5,主1.8,2.05,216.5,小1.8,雙1.75
2022/4/24,AM 02:00,20220424-0,費城76人,102,102 : 110,-3.5,客1.75,1.45,213.5,大1.75,單1.75
2022/4/24,AM 02:00,20220424-0,多倫多暴龍,110,102 : 110,3.5,主1.75,2.15,213.5,小1.75,雙1.75
2022/4/24,AM 04:30,20220424-1,達拉斯獨行俠,99,99 : 100,5.5,客1.7,2.45,214.5,大1.75,單1.75
2022/4/24,AM 04:30,20220424-1,猶他爵士,100,99 : 100,-5.5,主1.8,1.35,214.5,小1.75,雙1.75
2022/4/24,AM 07:30,20220424-2,波士頓塞爾提克,109,109 : 103,4.5,客1.75,2.3,223.5,大1.75,單1.75
2022/4/24,AM 07:30,20220424-2,布魯克林籃網,103,109 : 103,-4.5,主1.75,1.4,223.5,小1.75,雙1.75
2022/4/24,AM 10:00,20220424-3,曼斐斯灰熊,118,118 : 119,-3.5,客1.7,1.5,230.5,大1.75,單1.75
2022/4/24,AM 10:00,20220424-3,明尼蘇達灰狼,119,118 : 119,3.5,主1.8,2.05,230.5,小1.75,雙1.75
2022/4/25,AM 01:00,20220425-0,密爾瓦基公鹿,119,119 : 95,-5.5,客1.75,1.35,218.5,大1.75,單1.75
2022/4/25,AM 01:00,20220425-0,芝加哥公牛,95,119 : 95,5.5,主1.75,2.45,218.5,小1.75,雙1.75
2022/4/25,AM 03:30,20220425-1,金州勇士,121,121 : 126,-5.5,客1.75,1.35,225.5,大1.7,單1.75
2022/4/25,AM 03:30,20220425-1,丹佛金塊,126,121 : 126,5.5,主1.75,2.45,225.5,小1.8,雙1.75
2022/4/25,AM 07:00,20220425-2,邁阿密熱火,110,110 : 86,-2.5,客1.7,1.55,220.5,大1.7,單1.75
2022/4/25,AM 07:00,20220425-2,亞特蘭大老鷹,86,110 : 86,2.5,主1.8,1.95,220.5,小1.8,雙1.75
2022/4/25,AM 09:30,20220425-3,鳳凰城太陽,103,103 : 118,-3.5,客1.8,1.5,216.5,大1.75,單1.75
2022/4/25,AM 09:30,20220425-3,紐奧良鵜鶘,118,103 : 118,3.5,主1.7,2.05,216.5,小1.75,雙1.75
2022/4/26,AM 07:00,20220426-0,波士頓塞爾提克,116,116 : 112,1.5,客1.8,1.9,222.5,大1.7,單1.75
2022/4/26,AM 07:00,20220426-0,布魯克林籃網,112,116 : 112,-1.5,主1.7,1.6,222.5,小1.8,雙1.75
2022/4/26,AM 08:00,20220426-1,多倫多暴龍,103,103 : 88,8.5,客1.75,3.3,212.5,大1.7,單1.75
2022/4/26,AM 08:00,20220426-1,費城76人,88,103 : 88,-8.5,主1.75,1.18,212.5,小1.8,雙1.75
2022/4/26,AM 09:30,20220426-2,猶他爵士,77,77 : 102,4.5,客1.8,2.3,212.5,大1.7,單1.75
2022/4/26,AM 09:30,20220426-2,達拉斯獨行俠,102,77 : 102,-4.5,主1.7,1.4,212.5,小1.8,雙1.75
2022/4/27,AM 07:00,20220427-0,亞特蘭大老鷹,94,94 : 97,4.5,客1.8,2.3,215.5,大1.8,單1.75
2022/4/27,AM 07:00,20220427-0,邁阿密熱火,97,94 : 97,-4.5,主1.7,1.4,215.5,小1.7,雙1.75
2022/4/27,AM 07:30,20220427-1,明尼蘇達灰狼,109,109 : 111,7.5,客1.75,2.7,231.5,大1.7,單1.75
2022/4/27,AM 07:30,20220427-1,曼斐斯灰熊,111,109 : 111,-7.5,主1.75,1.28,231.5,小1.8,雙1.75
2022/4/27,AM 10:00,20220427-2,紐奧良鵜鶘,97,97 : 112,6.5,客1.7,2.7,216.5,大1.7,單1.75
2022/4/27,AM 10:00,20220427-2,鳳凰城太陽,112,97 : 112,-6.5,主1.8,1.28,216.5,小1.8,雙1.75
2022/4/28,AM 07:30,20220428-0,芝加哥公牛,100,100 : 116,12.5,客1.75,,217.5,大1.8,單1.75
2022/4/28,AM 07:30,20220428-0,密爾瓦基公鹿,116,100 : 116,-12.5,主1.75,,217.5,小1.7,雙1.75
2022/4/28,AM 10:00,20220428-1,丹佛金塊,98,98 : 102,8.5,客1.8,3.5,227.5,大1.75,單1.75
2022/4/28,AM 10:00,20220428-1,金州勇士,102,98 : 102,-8.5,主1.7,1.15,227.5,小1.75,雙1.75
2022/4/29,AM 07:00,20220429-0,費城76人,132,132 : 97,-2.5,客1.8,1.6,209.5,大1.75,單1.75
2022/4/29,AM 07:00,20220429-0,多倫多暴龍,97,132 : 97,2.5,主1.7,1.9,209.5,小1.75,雙1.75
2022/4/29,AM 07:30,20220429-1,鳳凰城太陽,115,115 : 109,-4.5,客1.8,1.45,216.5,大1.7,單1.75
2022/4/29,AM 07:30,20220429-1,紐奧良鵜鶘,109,115 : 109,4.5,主1.7,2.15,216.5,小1.8,雙1.75
2022/4/29,AM 10:00,20220429-2,達拉斯獨行俠,98,98 : 96,-1.5,客1.8,1.65,210.5,大1.75,單1.75
2022/4/29,AM 10:00,20220429-2,猶他爵士,96,98 : 96,1.5,主1.7,1.85,210.5,小1.75,雙1.75
2022/4/30,AM 09:00,20220430-0,曼斐斯灰熊,114,114 : 106,-2.5,客1.75,1.6,227.5,大1.75,單1.75
2022/4/30,AM 09:00,20220430-0,明尼蘇達灰狼,106,114 : 106,2.5,主1.75,1.9,227.5,小1.75,雙1.75
